{
  "train_loss": [
    0.6428992701204199,
    0.5841313020179146,
    0.4719264899429522,
    0.4141944905644969,
    0.4328437902425465,
    0.3841543103519239,
    0.38387852750326457,
    0.35168462050588506,
    0.34456810433613627,
    0.38980220179808767,
    0.37490070336743403,
    0.3194259397293392,
    0.37496216046182734,
    0.34115608742362574,
    0.30990343501693324
  ],
  "train_acc": [
    71.14093959731544,
    79.86577181208054,
    83.89261744966443,
    88.59060402684564,
    89.26174496644295,
    89.26174496644295,
    87.91946308724832,
    92.61744966442953,
    93.95973154362416,
    91.2751677852349,
    89.93288590604027,
    93.95973154362416,
    92.61744966442953,
    93.95973154362416,
    92.61744966442953
  ],
  "val_loss": [
    0.6652004599571228,
    0.5341005146503448,
    0.43716939687728884,
    0.45137724876403806,
    0.4620580017566681,
    0.3733279347419739,
    0.418476527929306,
    0.3542498290538788,
    0.39141750037670137,
    0.37731253504753115,
    0.46180076003074644,
    0.41116840243339536,
    0.4472692161798477,
    0.4808179438114166,
    0.42609554529190063
  ],
  "val_acc": [
    57.89473684210526,
    81.57894736842105,
    86.84210526315789,
    86.84210526315789,
    89.47368421052632,
    89.47368421052632,
    84.21052631578948,
    94.73684210526316,
    89.47368421052632,
    92.10526315789474,
    86.84210526315789,
    89.47368421052632,
    89.47368421052632,
    86.84210526315789,
    89.47368421052632
  ]
}