{
  "train_loss": [
    0.7254022983896652,
    0.6087326529442064,
    0.5944812945871545,
    0.5111907790571251,
    0.4840058484333474,
    0.3794284148904301,
    0.4111680904490836,
    0.3537926409868586,
    0.3724515836110851,
    0.3111036348862936,
    0.35059855898354675,
    0.32728186749771937
  ],
  "train_acc": [
    55.033557046979865,
    67.78523489932886,
    67.78523489932886,
    81.20805369127517,
    81.20805369127517,
    90.60402684563758,
    86.57718120805369,
    90.60402684563758,
    91.2751677852349,
    94.63087248322148,
    89.93288590604027,
    95.30201342281879
  ],
  "val_loss": [
    0.6560103046266657,
    0.5632442471228147,
    0.48074628491150706,
    0.49062378155557734,
    0.4899896540139851,
    0.4988035151832982,
    0.4745937146638569,
    0.45859397712506744,
    0.521854933939482,
    0.4808767312451413,
    0.44971401440469844,
    0.43955040291736003
  ],
  "val_acc": [
    73.6842105263158,
    78.94736842105263,
    81.57894736842105,
    84.21052631578948,
    84.21052631578948,
    78.94736842105263,
    86.84210526315789,
    78.94736842105263,
    84.21052631578948,
    84.21052631578948,
    84.21052631578948,
    86.84210526315789
  ],
  "lr": [
    0.0001,
    0.0001,
    0.0001,
    0.0001,
    0.0001,
    0.0001,
    0.0001,
    0.0001,
    0.0001,
    0.0001,
    0.0001,
    0.0001
  ]
}