{
  "train_loss": [
    0.5835577845573425,
    0.12556753680109978,
    0.09024610370397568,
    2.3334016723092645,
    0.06079214625060558,
    0.017378151416778564,
    0.017076363554224372,
    1.6473553068935871,
    0.5373605266213417,
    0.0714377558324486
  ],
  "train_acc": [
    0.6666666666666666,
    0.8888888888888888,
    0.8888888888888888,
    0.8888888888888888,
    0.8888888888888888,
    1.0,
    1.0,
    0.8888888888888888,
    0.8888888888888888,
    1.0
  ],
  "val_loss": [
    1.0700404644012451,
    1.342359185218811,
    0.8797220587730408,
    1.0150433778762817,
    1.8732739686965942,
    4.424705982208252,
    6.761894702911377,
    5.291347980499268,
    5.331457138061523,
    4.243981838226318
  ],
  "val_acc": [
    0.6666666666666666,
    0.6666666666666666,
    0.6666666666666666,
    0.6666666666666666,
    0.3333333333333333,
    0.3333333333333333,
    0.3333333333333333,
    0.3333333333333333,
    0.6666666666666666,
    0.3333333333333333
  ]
}