{
  "regression": {
    "mse": 0.0006338873121723143,
    "rmse": 0.025177118821904827,
    "mae": 0.009893601595379843,
    "r2": 0.9829731652433269,
    "mape": 0.7487359417792079
  },
  "hydration_classification": {
    "accuracy": 0.9906832298136646,
    "precision": 0.9908547564002854,
    "recall": 0.9906832298136646,
    "f1": 0.9903525570579249,
    "confusion_matrix": [
      [
        7,
        2,
        0,
        0
      ],
      [
        0,
        53,
        1,
        0
      ],
      [
        0,
        0,
        52,
        0
      ],
      [
        0,
        0,
        0,
        207
      ]
    ],
    "cv_accuracy_mean": 0.9790034084396586,
    "cv_accuracy_std": 0.005282609369589451
  }
}